"ParamID";"Enable";"ReadRegister";"WriteRegister";"DisplayText";"Scale";"Offset";"TotalBytes";"NumUsedBits";"MinVal";"MaxVal"
"BPASS_COOLDOW_";0;;300;"Охлаждение по препускной линии";1;0;2;16;0;1
"ENG_OP_MODE_CM_";0;;302;"Команда режима работы двигателя";1;0;2;8;0;2
"LAMP_TEST_CMN_";0;;303;"Команда проверки ламп";1;0;2;16;0;1
"ACK_EVENTS_CMN_";0;;304;"Подтвердите все команды событий";1;0;2;16;0;1
"RST_ALL_ADEM_EVT";0;;309;"Сбросить все события, выработанные системой ADEM";1;0;2;2;0;3
"EM_SH_OVR_CMD_";0;;317;"Команда активирования режима подавления аварийной остановки";1;0;2;2;0;3
"INST_BLK_401_";0;;401;"Тип установленного блока";1;0;2;16;0;65535
"DIG_SEL_ACT_1";0;;628;"Команда активирования цифрового селектора № 1";1;0;2;2;0;3
"DIG_SEL_ACT_2";0;;629;"Команда активирования цифрового селектора № 10";1;0;2;2;0;3
"DIG_SEL_ACT_3";0;;630;"Команда активирования цифрового селектора № 10";1;0;2;2;0;3
"DIG_SEL_ACT_4";0;;631;"Команда активирования цифрового селектора № 2";1;0;2;2;0;3
"DIG_SEL_ACT_5";0;;632;"Команда активирования цифрового селектора № 2";1;0;2;2;0;3
"DIG_SEL_ACT_6";0;;633;"Команда активирования цифрового селектора № 3";1;0;2;2;0;3
"DIG_SEL_ACT_7";0;;634;"Команда активирования цифрового селектора № 3";1;0;2;2;0;3
"DIG_SEL_ACT_8";0;;635;"Команда активирования цифрового селектора № 4";1;0;2;2;0;3
"DIG_SEL_ACT_9";0;;636;"Команда активирования цифрового селектора № 4";1;0;2;2;0;3
"DIG_SEL_ACT_10";0;;637;"Команда активирования цифрового селектора № 1";1;0;2;2;0;3
"UPD_RTC";0;;903;"Команда на обновление счетчика времени в реальном масштабе";1;0;6;48;0;0
"RST_ENG_OP_HOUR_";0;;1025;"Сбросить моточасы работы двигателя";1;0;2;16;0;65535
"UPD_END_OP_HOUR_";0;;1026;"Обновить моточасы работы двигателя";0,05;0;4;32;0;210554060,75
"RST_CRNK_CNT_";0;;1028;"Сбросить счетч проворота к/вала";1;0;2;16;0;65535
"RST_GOOD_ST_CNT_";0;;1029;"Сбросить счетчик  успешных пусков";1;0;2;16;0;65535
"RST_KW_METER_";0;;1030;"Сбросить показания счетчика активной мощности";1;0;2;16;0;65535
"RST_KVAR_METER_";0;;1031;"Сбросить показания счетчика реактивной мощности";1;0;2;16;0;65535
"RST_SVC_INT_CNT_";0;;1032;"Сбросить показания счетчика интервалов техничского обслуживания";1;0;2;16;0;65535
"RST_EVENT_";0;;1048;"Сбросить событие";1;0;4;24;0;0
"REM_INIT_CMND_";0;;1055;"Команда запуска дистанционного управления";1;0;2;2;0;3
"ESTOP_CMND_";0;;1056;"Команда аварийного останова";1;0;2;2;0;3
"BPAS_RET_DEL_CM_";0;;1063;"Команда задержки переключения на шунтирующую линию передачи";1;0;2;2;0;3
"AVG_L2L_AC_VOLTS";0;100;;"Среднее линейное среднеквадратичное напряжение переменного тока генератора";1;0;2;16;0;64255
"AVG_AC_CURRENT";0;101;;"Среднее значение среднеквадратичного переменного тока генератора";1;0;2;16;0;64255
"AVG_AC_FREQ";0;102;;"Среднее значение среднеквадратичной частоты переменного тока генератора";0,0078125;0;2;16;0;501,9922
"POWER_FACTOR";0;103;;"Общий коэффициент мощности генератора";0,00006103515625;-1;2;16;-1;1
"PWR_FCTR_LAGGING";0;104;;"Общий сдвиг по фазе коэффициента мощности генератора";1;0;2;2;0;3
"TOTAL_KW_PCT";0;105;;"Общая мощность генератора, кВт, в %";0,0078125;-251;2;16;-251;250,99
"REAL_POWER";0;106;;"Общая активная мощность генератора";0,001;-2000000;4;32;-2000000000;2211081215
"PH_A_L2L_VOLTS";0;108;;"Линейное среднеквадратичное напряжение переменного тока фазы А генератора";1;0;2;16;0;64255
"PH_B_L2L_VOLTS";0;109;;"Линейное среднеквадратичное напряжение переменного тока фазы В генератора";1;0;2;16;0;64255
"PH_C_L2L_VOLTS";0;110;;"Линейное среднеквадратичное напряжение переменного тока фазы С генератора";1;0;2;16;0;64255
"PH_A_RMS_CURRENT";0;111;;"Среднеквадратичный переменный ток фазы А генератора";1;0;2;16;0;64255
"PH_B_RMS_CURRENT";0;112;;"Среднеквадратичный переменный ток фазы В генератора";1;0;2;16;0;64255
"PH_C_RMS_CURRENT";0;113;;"Среднеквадратичный переменный ток фазы С генератора";1;0;2;16;0;64255
"PH_A_L2N_VOLTS";0;114;;"Фазное среднеквадратичное напряжение переменного тока фазы А генератора";1;0;2;16;0;64255
"PH_B_L2N_VOLTS";0;115;;"Фазное среднеквадратичное напряжение переменного тока фазы В генератора";1;0;2;16;0;64255
"PH_C_L2N_VOLTS";0;116;;"Фазное среднеквадратичное напряжение переменного тока фазы С генератора";1;0;2;16;0;64255
"PH_A_REAL_POWER";0;117;;"Активная мощность фазы А генератора";0,001;-2000000;4;32;-2000000000;2211081215
"PH_B_REAL_POWER";0;119;;"Активная мощность фазы В генератора";0,001;-2000000;4;32;-2000000000;2211081215
"PH_C_REAL_POWER";0;121;;"Активная мощность фазы С генератора";0,001;-2000000;4;32;-2000000000;2211081215
"PH_A_APRNT_POWER";0;123;;"Кажущаяся мощность фазы А генератора";0,001;-2000000;4;32;-2000000000;2211081215
"PH_B_APRNT_POWER";0;125;;"Кажущаяся мощность фазы В генератора";0,001;-2000000;4;32;-2000000000;2211081215
"PH_C_APRNT_POWER";0;127;;"Кажущаяся мощность фазы С генератора";0,001;-2000000;4;32;-2000000000;2211081215
"PH_A_REACT_POWER";0;129;;"Реактивная мощность фазы А генератора";0,001;-2000000;4;32;-2000000000;2211081215
"PH_B_REACT_POWER";0;131;;"Реактивная мощность фазы В генератора";0,001;-2000000;4;32;-2000000000;2211081215
"PH_C_REACT_POWER";0;133;;"Реактивная мощность фазы С генератора";0,001;-2000000;4;32;-2000000000;2211081215
"PH_A_PWR_FACTOR";0;135;;"Коэффициент мощности фазы А генератора";0,00006103515625;-1;2;16;-1;1
"PH_B_PWR_FACTOR";0;136;;"Коэффициент мощности фазы В генератора";0,00006103515625;-1;2;16;-1;1
"PH_C_PWR_FACTOR";0;137;;"Коэффициент мощности фазы С генератора";0,00006103515625;-1;2;16;-1;1
"TOT_APRNT_POWER";0;138;;"Полная кажущаяся мощность генератора";0,001;-2000000;4;32;-2000000000;2211081215
"TOT_KVA_PCNT";0;140;;"Полная мощность генератора, кВА, в %";0,0078125;-251;2;16;-251;250,99
"TOT_REACT_POWER";0;141;;"Общая реактивная мощность генератора";0,001;-2000000;4;32;-2000000000;2211081215
"TOT_KVAR_PCNT";0;143;;"Полная рекактивная мощность генератора, квар";0,0078125;-251;2;16;-251;250,99
"TOT_KWH";0;144;;"Полная активная энергия генератора, кВтчас";1;0;4;32;0;4211081215
"TOT_KVAH";0;146;;"Полная реактивная энергия генератора квар х час";1;0;4;32;0;4211081215
"AVG_L2N_VOLTS";0;148;;"Среднее фазное (меж линией и нейтралью) среднеквадратичное напряжение переменного тока генератора";1;0;2;16;0;64255
"FRNT_BRG_TMP";0;149;;"Температура переднего подшипника генератора";0,03125;-273;2;16;-273;1735
"REAR_BRG_TMP";0;150;;"Температура заднего подшипника генератора";0,03125;-273;2;16;-273;1735
"PH_A_WND_TMP";0;151;;"Температура обмотки фазы А генератора";0,03125;-273;2;16;-273;1735
"PH_B_WND_TMP";0;152;;"Температура обмотки фазы В генератора";0,03125;-273;2;16;-273;1735
"PH_C_WND_TMP";0;153;;"Температура обмотки фазы С генератора";0,03125;-273;2;16;-273;1735
"PH_A_P_FCTR_LAG";0;159;;"Сдвиг по фазе коэффициента мощности фазы А генератора";1;0;2;2;0;3
"PH_B_P_FCTR_LAG";0;160;;"Сдвиг по фазе коэффициента мощности фазы В генератора";1;0;2;2;0;3
"PH_C_P_FCTR_LAG";0;161;;"Сдвиг по фазе коэффициента мощности фазы С генератора";1;0;2;2;0;3
"REAR_BRG_TMP_IO";0;162;;"Температура заднего подшипника генератора с контакта ВВ/ВЫВ";0,03125;-273;2;16;-273;1735
"AVG_L2L_VOLTS_%";0;163;;"Среднее линейное среднеквадратичное напряжение переменного тока генератора в %";0,0078125;-251;2;16;-251;250,99
"B_AVG_L2L_VOLTS";0;164;;"Среднее линейное среднеквадратичное напряжение переменного тока на шинах";1;0;2;16;0;64255
"B_AVG_AC_FREQ";0;165;;"Среднее значение среднеквадратичной частоты переменного тока на шинах";0,0078125;0;2;16;0;501,9922
"B_PH_A_L2L_VOLTS";0;166;;"Линейное среднеквадратичное напряжение переменного тока на шинах фазы А";1;0;2;16;0;64255
"B_PH_B_L2L_VOLTS";0;167;;"Линейное среднеквадратичное напряжение переменного тока на шинах фазы В";1;0;2;16;0;64255
"B_PH_C_L2L_VOLTS";0;168;;"Линейное среднеквадратичное напряжение переменного тока на шинах фазы С";1;0;2;16;0;64255
"B_PH_A_L2N_VOLTS";0;169;;"Фазное среднеквадратичное напряжение переменного тока на шинах фазы А";1;0;2;16;0;64255
"B_PH_B_L2N_VOLTS";0;170;;"Фазное среднеквадратичное напряжение переменного тока на шинах фазы В";1;0;2;16;0;64255
"B_PH_C_L2N_VOLTS";0;171;;"Фазное среднеквадратичное напряжение переменного тока на шинах фазы С";1;0;2;16;0;64255
"B_AVG_L2N_VOLTS";0;172;;"Среднее фазное среднеквадратичное напряжение переменного тока на шинах";1;0;2;16;0;64255
"B_AVG_L2L_VOLT_%";0;173;;"Среднее линейное среднеквадратичное напряжение переменного тока на шинах в %";0,0078125;-251;2;16;-251;250,99
"TOT_KWM_IM";0;174;;"Полная активная энергия, импортированная генератором, кВтчас";1;0;4;32;0;4211081215
"TOT_KVAH_IM";0;176;;"Полная реактивная энергия, импортированная генератором, квар х час";1;0;4;32;0;4211081215
"ENG_OIL_PRESS";0;200;;"Давл масла двгля";0,125;0;2;16;0;8031,875
"ENG_COOL_TMP";0;201;;"Темп охл жидк двгля";0,03125;-273;2;16;-273;1735
"BAT_VOLTS";0;202;;"Напр акк бат";0,05;0;2;16;0;3212,75
"ENG_RPM";0;203;;"ЧВД";0,125;0;2;16;0;8031,875
"ENG_OP_HRS";0;204;;"Моточасы работы двигателя";0,05;0;4;32;0;210554060,75
"AUTO_STRT_STOP";0;206;;"Состояние автоматического пуска/останова";1;0;2;8;0;7
"SPR_ALG_INP_PCNT";0;207;;"Смещение частоты в %";0,0078125;-251;2;16;-251;250,99
"SPR_ALG_INP_TMP";0;208;;"Резервный аналоговый вход температуры";0,03125;-273;2;16;-273;1735
"SPR_ALG_INP_PRES";0;209;;"Резервный аналоговый вход давления";0,125;0;2;16;0;8031,875
"MAINT_HRS_REM";0;210;;"Осталось часов до технического обслуживания по регламентному интервалу";1;-32127;2;16;-32127;32128
"MAINT_DAYS_REM";0;212;;"Осталось дней до технического обслуживания по регламентному интервалу";1;-32127;2;16;-32137;32128
"CRANK_ATTEMPTS";0;213;;"Количество попыток проворота маховика";1;0;4;32;0;4211081215
"GOOD_STARTS";0;215;;"Количество успешных пусков";1;0;4;32;0;4211081215
"ADEM_OIL_PRESS";0;217;;"Давление масла в двигателе с системы ADEM";0,125;0;2;16;0;8031,875
"ADEM_COOL_TEMP";0;219;;"Температура охлаждающей жидкости двигателя с системы ADEM";0,03125;-273;2;16;-273;1735
"C1_EXH_PRT_TEMP";0;221;;"Температура отработавших газов в отверстии цилиндра 1 с канала передачи данных";0,03125;-273;2;16;-273;1735
"C2_EXH_PRT_TEMP";0;222;;"Температура отработавших газов в отверстии цилиндра 2 с канала передачи данных";0,03125;-273;2;16;-273;1735
"C3_EXH_PRT_TEMP";0;223;;"Температура отработавших газов в отверстии цилиндра 3 с канала передачи данных";0,03125;-273;2;16;-273;1735
"C4_EXH_PRT_TEMP";0;224;;"Температура отработавших газов в отверстии цилиндра 4 с канала передачи данных";0,03125;-273;2;16;-273;1735
"C5_EXH_PRT_TEMP";0;225;;"Температура отработавших газов в отверстии цилиндра 5 с канала передачи данных";0,03125;-273;2;16;-273;1735
"C6_EXH_PRT_TEMP";0;226;;"Температура отработавших газов в отверстии цилиндра 6 с канала передачи данных";0,03125;-273;2;16;-273;1735
"C7_EXH_PRT_TEMP";0;227;;"Температура отработавших газов в отверстии цилиндра 7 с канала передачи данных";0,03125;-273;2;16;-273;1735
"C8_EXH_PRT_TEMP";0;228;;"Температура отработавших газов в отверстии цилиндра 8 с канала передачи данных";0,03125;-273;2;16;-273;1735
"C9_EXH_PRT_TEMP";0;229;;"Температура отработавших газов в отверстии цилиндра 9 с канала передачи данных";0,03125;-273;2;16;-273;1735
"C10_EXH_PRT_TEMP";0;230;;"Температура отработавших газов в отверстии цилиндра 10 с канала передачи данных";0,03125;-273;2;16;-273;1735
"C11_EXH_PRT_TEMP";0;231;;"Температура отработавших газов в отверстии цилиндра 11 с канала передачи данных";0,03125;-273;2;16;-273;1735
"C12_EXH_PRT_TEMP";0;232;;"Температура отработавших газов в отверстии цилиндра 12 с канала передачи данных";0,03125;-273;2;16;-273;1735
"C13_EXH_PRT_TEMP";0;233;;"Температура отработавших газов в отверстии цилиндра 13 с канала передачи данных";0,03125;-273;2;16;-273;1735
"C14_EXH_PRT_TEMP";0;234;;"Температура отработавших газов в отверстии цилиндра 14 с канала передачи данных";0,03125;-273;2;16;-273;1735
"C15_EXH_PRT_TEMP";0;235;;"Температура отработавших газов в отверстии цилиндра 15 с канала передачи данных";0,03125;-273;2;16;-273;1735
"C16_EXH_PRT_TEMP";0;236;;"Температура отработавших газов в отверстии цилиндра 16 с канала передачи данных";0,03125;-273;2;16;-273;1735
"C17_EXH_PRT_TEMP";0;237;;"Температура отработавших газов в отверстии цилиндра 17 с канала передачи данных";0,03125;-273;2;16;-273;1735
"C18_EXH_PRT_TEMP";0;238;;"Температура отработавших газов в отверстии цилиндра 18 с канала передачи данных";0,03125;-273;2;16;-273;1735
"C19_EXH_PRT_TEMP";0;239;;"Температура отработавших газов в отверстии цилиндра 19 с канала передачи данных";0,03125;-273;2;16;-273;1735
"C20_EXH_PRT_TEMP";0;240;;"Температура отработавших газов в отверстии цилиндра 20 с канала передачи данных";0,03125;-273;2;16;-273;1735
"DL_EX_MFD_1_TEMP";0;241;;"Температура коллектора 1 отработавших газов с канала передачи данных";0,03125;-273;2;16;-273;1735
"DL_EX_MFD_2_TEMP";0;242;;"Температура коллектора 2 отработавших газов с канала передачи данных";0,03125;-273;2;16;-273;1735
"DL_IN_MFD_1_TEMP";0;243;;"Температура впускного коллектора 1 с канала передачи данных";0,03125;-273;2;16;-273;1735
"DL_IN_MFD_2_TEMP";0;244;;"Температура впускного коллектора 2 с канала передачи данных";0,03125;-273;2;16;-273;1735
"DL_ENG_OIL_TEMP";0;245;;"Температура масла в двигателе с канала передачи данных";0,03125;-273;2;16;-273;1735
"DL_FUEL_PRESS";0;247;;"Давление топлива с канала передачи данных";0,125;0;2;16;0;8031,875
"DL_CRANK_PRESS";0;248;;"Давление в картере двигателя с канала передачи данных";0,0078125;-250;2;16;-250;251,99
"DL_IN_MFD_1_PRES";0;249;;"Давление впускного коллектора 1 с канала передачи данных";0,125;0;2;16;0;8031,875
"DL_OFLT_DIF_PRES";0;251;;"Перепад давления масляного фильтра с канала передачи данных";0,125;0;2;16;0;8031,875
"DL_FFLT_DIF_PRES";0;252;;"Перепад давления топливного фильтра с канала передачи данных";0,125;0;2;16;0;8031,875
"DL_AFLT_DIF_PRES";0;253;;"Перепад давления воздушного фильтра с канала передачи данных";0,0078125;-250;2;16;-250;251,99
"DL_TOT_FUEL_CON";0;254;;"Суммарный расход топлива с канала передачи данных";0,5;0;4;32;0;2105540607,5
"DL_INST_FUEL_CON";0;256;;"Мгновенный расход топлива с канала передачи данных";0,05;0;2;16;0;3212,75
"DL_ATMOS_PRESS";0;257;;"Атмосферное давление с канала передачи данных";0,125;0;2;16;0;8031,875
"DL_FUEL_LEVEL";0;258;;"Уровень топлива с канала передачи данных";0,0078125;-251;2;16;-251;250,99
"DL_NET_BAT_CUR";0;259;;"Полезный ток аккумуляторной батареи с канала передачи данных";1;-125;2;8;-125;125
"MAINT_WKS_REM";0;299;;"Осталось недель до технического обслуживания по регламентному интервалу";1;-125;2;8;-125;125
"ENG_OP_MODE";0;301;;"Режим работы двигателя";1;0;2;8;0;2
"TNS_ACK_EVENTS";0;306;;"Подтвердите все события (для передачи в формате J1939)";1;0;2;2;0;3
"FUEL_CTRL_ENBLD";0;307;;"Разрешение регулирования топлива при автоматическом пуске/остановке";1;0;2;2;0;3
"ECM_LOW_PWR_MODE";0;308;;"ЭБУ в режиме пониженной мощности";1;0;2;2;0;3
"EM_OV_SHTDWN_HRS";0;314;;"Количество часов режима подавления аварийной остановки";0,05;0;4;32;0;210554060,75
"EM_SH_OV_STATE";0;318;;"Активен реж подавл аварийн остнвки";1;0;2;2;0;3
"SYS_EVENT_COUNT";0;334;;"Подсчёт системных событий";1;0;1;8;0;255
"EVT_LAMP_STAT";0;335;;"Состояние индикатора системного события";1;0;2;16;0;65535
"NUM_INST_BLOCKS";0;400;;"Количество типов установленных блоков";1;0;2;16;0;65535
"INST_BLK_500";0;500;;"Тип установленного блока [1]";1;0;2;16;0;65535
"INST_BLK_501";0;501;;"Тип установленного блока [2]";1;0;2;16;0;65535
"INST_BLK_502";0;502;;"Тип установленного блока [3]";1;0;2;16;0;65535
"INST_BLK_503";0;503;;"Тип установленного блока [4]";1;0;2;16;0;65535
"INST_BLK_504";0;504;;"Тип установленного блока [5]";1;0;2;16;0;65535
"INST_BLK_505";0;505;;"Тип установленного блока [6]";1;0;2;16;0;65535
"INST_BLK_506";0;506;;"Тип установленного блока [7]";1;0;2;16;0;65535
"INST_BLK_507";0;507;;"Тип установленного блока [8]";1;0;2;16;0;65535
"INST_BLK_508";0;508;;"Тип установленного блока [9]";1;0;2;16;0;65535
"INST_BLK_509";0;509;;"Тип установленного блока [10]";1;0;2;16;0;65535
"INST_BLK_510";0;510;;"Тип установленного блока [11]";1;0;2;16;0;65535
"INST_BLK_511";0;511;;"Тип установленного блока [12]";1;0;2;16;0;65535
"INST_BLK_512";0;512;;"Тип установленного блока [13]";1;0;2;16;0;65535
"INST_BLK_513";0;513;;"Тип установленного блока [14]";1;0;2;16;0;65535
"INST_BLK_514";0;514;;"Тип установленного блока [15]";1;0;2;16;0;65535
"INST_BLK_515";0;515;;"Тип установленного блока [16]";1;0;2;16;0;65535
"INST_BLK_516";0;516;;"Тип установленного блока [17]";1;0;2;16;0;65535
"INST_BLK_517";0;517;;"Тип установленного блока [18]";1;0;2;16;0;65535
"INST_BLK_518";0;518;;"Тип установленного блока [19]";1;0;2;16;0;65535
"INST_BLK_519";0;519;;"Тип установленного блока [20]";1;0;2;16;0;65535
"INST_BLK_520";0;520;;"Тип установленного блока [21]";1;0;2;16;0;65535
"INST_BLK_521";0;521;;"Тип установленного блока [22]";1;0;2;16;0;65535
"INST_BLK_522";0;522;;"Тип установленного блока [23]";1;0;2;16;0;65535
"INST_BLK_523";0;523;;"Тип установленного блока [24]";1;0;2;16;0;65535
"INST_BLK_524";0;524;;"Тип установленного блока [25]";1;0;2;16;0;65535
"INST_BLK_525";0;525;;"Тип установленного блока [26]";1;0;2;16;0;65535
"INST_BLK_526";0;526;;"Тип установленного блока [27]";1;0;2;16;0;65535
"INST_BLK_527";0;527;;"Тип установленного блока [28]";1;0;2;16;0;65535
"INST_BLK_528";0;528;;"Тип установленного блока [29]";1;0;2;16;0;65535
"INST_BLK_529";0;529;;"Тип установленного блока [30]";1;0;2;16;0;65535
"INST_BLK_530";0;530;;"Тип установленного блока [31]";1;0;2;16;0;65535
"INST_BLK_531";0;531;;"Тип установленного блока [32]";1;0;2;16;0;65535
"INST_BLK_532";0;532;;"Тип установленного блока [33]";1;0;2;16;0;65535
"INST_BLK_533";0;533;;"Тип установленного блока [34]";1;0;2;16;0;65535
"INST_BLK_534";0;534;;"Тип установленного блока [35]";1;0;2;16;0;65535
"INST_BLK_535";0;535;;"Тип установленного блока [36]";1;0;2;16;0;65535
"INST_BLK_536";0;536;;"Тип установленного блока [37]";1;0;2;16;0;65535
"INST_BLK_537";0;537;;"Тип установленного блока [38]";1;0;2;16;0;65535
"INST_BLK_538";0;538;;"Тип установленного блока [39]";1;0;2;16;0;65535
"INST_BLK_539";0;539;;"Тип установленного блока [40]";1;0;2;16;0;65535
"INST_BLK_540";0;540;;"Тип установленного блока [41]";1;0;2;16;0;65535
"INST_BLK_541";0;541;;"Тип установленного блока [42]";1;0;2;16;0;65535
"INST_BLK_542";0;542;;"Тип установленного блока [43]";1;0;2;16;0;65535
"INST_BLK_543";0;543;;"Тип установленного блока [44]";1;0;2;16;0;65535
"INST_BLK_544";0;544;;"Тип установленного блока [45]";1;0;2;16;0;65535
"INST_BLK_545";0;545;;"Тип установленного блока [46]";1;0;2;16;0;65535
"INST_BLK_546";0;546;;"Тип установленного блока [47]";1;0;2;16;0;65535
"INST_BLK_547";0;547;;"Тип установленного блока [48]";1;0;2;16;0;65535
"INST_BLK_548";0;548;;"Тип установленного блока [49]";1;0;2;16;0;65535
"INST_BLK_549";0;549;;"Тип установленного блока [50]";1;0;2;16;0;65535
"INST_BLK_550";0;550;;"Тип установленного блока [51]";1;0;2;16;0;65535
"INST_BLK_551";0;551;;"Тип установленного блока [52]";1;0;2;16;0;65535
"INST_BLK_552";0;552;;"Тип установленного блока [53]";1;0;2;16;0;65535
"INST_BLK_553";0;553;;"Тип установленного блока [54]";1;0;2;16;0;65535
"INST_BLK_554";0;554;;"Тип установленного блока [55]";1;0;2;16;0;65535
"INST_BLK_555";0;555;;"Тип установленного блока [56]";1;0;2;16;0;65535
"INST_BLK_556";0;556;;"Тип установленного блока [57]";1;0;2;16;0;65535
"INST_BLK_557";0;557;;"Тип установленного блока [58]";1;0;2;16;0;65535
"INST_BLK_558";0;558;;"Тип установленного блока [59]";1;0;2;16;0;65535
"INST_BLK_559";0;559;;"Тип установленного блока [60]";1;0;2;16;0;65535
"INST_BLK_560";0;560;;"Тип установленного блока [61]";1;0;2;16;0;65535
"INST_BLK_561";0;561;;"Тип установленного блока [62]";1;0;2;16;0;65535
"INST_BLK_562";0;562;;"Тип установленного блока [63]";1;0;2;16;0;65535
"INST_BLK_563";0;563;;"Тип установленного блока [64]";1;0;2;16;0;65535
"INST_BLK_564";0;564;;"Тип установленного блока [65]";1;0;2;16;0;65535
"INST_BLK_565";0;565;;"Тип установленного блока [66]";1;0;2;16;0;65535
"INST_BLK_566";0;566;;"Тип установленного блока [67]";1;0;2;16;0;65535
"INST_BLK_567";0;567;;"Тип установленного блока [68]";1;0;2;16;0;65535
"INST_BLK_568";0;568;;"Тип установленного блока [69]";1;0;2;16;0;65535
"INST_BLK_569";0;569;;"Тип установленного блока [70]";1;0;2;16;0;65535
"INST_BLK_570";0;570;;"Тип установленного блока [71]";1;0;2;16;0;65535
"INST_BLK_571";0;571;;"Тип установленного блока [72]";1;0;2;16;0;65535
"INST_BLK_572";0;572;;"Тип установленного блока [73]";1;0;2;16;0;65535
"INST_BLK_573";0;573;;"Тип установленного блока [74]";1;0;2;16;0;65535
"INST_BLK_574";0;574;;"Тип установленного блока [75]";1;0;2;16;0;65535
"INST_BLK_575";0;575;;"Тип установленного блока [76]";1;0;2;16;0;65535
"INST_BLK_576";0;576;;"Тип установленного блока [77]";1;0;2;16;0;65535
"INST_BLK_577";0;577;;"Тип установленного блока [78]";1;0;2;16;0;65535
"INST_BLK_578";0;578;;"Тип установленного блока [79]";1;0;2;16;0;65535
"INST_BLK_579";0;579;;"Тип установленного блока [80]";1;0;2;16;0;65535
"INST_BLK_580";0;580;;"Тип установленного блока [81]";1;0;2;16;0;65535
"INST_BLK_581";0;581;;"Тип установленного блока [82]";1;0;2;16;0;65535
"INST_BLK_582";0;582;;"Тип установленного блока [83]";1;0;2;16;0;65535
"INST_BLK_583";0;583;;"Тип установленного блока [84]";1;0;2;16;0;65535
"INST_BLK_584";0;584;;"Тип установленного блока [85]";1;0;2;16;0;65535
"INST_BLK_585";0;585;;"Тип установленного блока [86]";1;0;2;16;0;65535
"INST_BLK_586";0;586;;"Тип установленного блока [87]";1;0;2;16;0;65535
"INST_BLK_587";0;587;;"Тип установленного блока [88]";1;0;2;16;0;65535
"INST_BLK_588";0;588;;"Тип установленного блока [89]";1;0;2;16;0;65535
"INST_BLK_589";0;589;;"Тип установленного блока [90]";1;0;2;16;0;65535
"INST_BLK_590";0;590;;"Тип установленного блока [91]";1;0;2;16;0;65535
"INST_BLK_591";0;591;;"Тип установленного блока [92]";1;0;2;16;0;65535
"INST_BLK_592";0;592;;"Тип установленного блока [93]";1;0;2;16;0;65535
"INST_BLK_593";0;593;;"Тип установленного блока [94]";1;0;2;16;0;65535
"INST_BLK_594";0;594;;"Тип установленного блока [95]";1;0;2;16;0;65535
"INST_BLK_595";0;595;;"Тип установленного блока [96]";1;0;2;16;0;65535
"INST_BLK_596";0;596;;"Тип установленного блока [97]";1;0;2;16;0;65535
"INST_BLK_597";0;597;;"Тип установленного блока [98]";1;0;2;16;0;65535
"INST_BLK_598";0;598;;"Тип установленного блока [99]";1;0;2;16;0;65535
"INST_BLK_599";0;599;;"Тип установленного блока [100]";1;0;2;16;0;65535
"DIG_IN_STATE_1";0;600;;"Активное состояние дискретного ввода № 1";1;0;2;2;0;3
"DIG_IN_STATE_2";0;601;;"Активное состояние дискретного ввода № 2";1;0;2;2;0;3
"DIG_IN_STATE_3";0;602;;"Активное состояние дискретного ввода № 3";1;0;2;2;0;3
"DIG_IN_STATE_4";0;603;;"Активное состояние дискретного ввода № 4";1;0;2;2;0;3
"DIG_IN_STATE_5";0;604;;"Активное состояние дискретного ввода № 5";1;0;2;2;0;3
"DIG_IN_STATE_6";0;605;;"Активное состояние дискретного ввода № 6";1;0;2;2;0;3
"DIG_IN_STATE_7";0;606;;"Активное состояние дискретного ввода № 7";1;0;2;2;0;3
"DIG_IN_STATE_8";0;607;;"Активное состояние дискретного ввода № 8";1;0;2;2;0;3
"DIG_IN_STATE_9";0;608;;"Активное состояние дискретного ввода № 9";1;0;2;2;0;3
"DIG_IN_STATE_10";0;609;;"Активное состояние дискретного ввода № 10";1;0;2;2;0;3
"DIG_IN_STATE_11";0;610;;"Активное состояние дискретного ввода № 11";1;0;2;2;0;3
"DIG_IN_STATE_12";0;611;;"Активное состояние дискретного ввода № 12";1;0;2;2;0;3
"DIG_IN_STATE_13";0;612;;"Активное состояние дискретного ввода № 13";1;0;2;2;0;3
"DIG_IN_STATE_14";0;613;;"Активное состояние дискретного ввода № 14";1;0;2;2;0;3
"DIG_IN_STATE_15";0;614;;"Активное состояние дискретного ввода № 15";1;0;2;2;0;3
"DIG_IN_STATE_16";0;615;;"Активное состояние дискретного ввода № 16";1;0;2;2;0;3
"REL_OUT_STATE_1";0;616;;"Активное состояние релейного вывода № 1";1;0;2;2;0;3
"REL_OUT_STATE_2";0;617;;"Активное состояние релейного вывода № 2";1;0;2;2;0;3
"REL_OUT_STATE_3";0;618;;"Активное состояние релейного вывода № 3";1;0;2;2;0;3
"REL_OUT_STATE_4";0;619;;"Активное состояние релейного вывода № 4";1;0;2;2;0;3
"REL_OUT_STATE_5";0;620;;"Активное состояние релейного вывода № 5";1;0;2;2;0;3
"REL_OUT_STATE_6";0;621;;"Активное состояние релейного вывода № 6";1;0;2;2;0;3
"REL_OUT_STATE_7";0;622;;"Активное состояние релейного вывода № 7";1;0;2;2;0;3
"REL_OUT_STATE_8";0;623;;"Активное состояние релейного вывода № 8";1;0;2;2;0;3
"DIG_OUT_STATE_1";0;624;;"Активное состояние дискретного вывода № 1";1;0;2;2;0;3
"DIG_OUT_STATE_2";0;625;;"Активное состояние дискретного вывода № 2";1;0;2;2;0;3
"DIG_OUT_STATE_3";0;626;;"Активное состояние дискретного вывода № 3";1;0;2;2;0;3
"DIG_OUT_STATE_4";0;627;;"Активное состояние дискретного вывода № 4";1;0;2;2;0;3
"DIG_SEL_VAL_1";0;638;;"Команда активирования цифрового селектора № 5";1;0;2;2;0;3
"DIG_SEL_VAL_2";0;639;;"Команда активирования цифрового селектора № 6";1;0;2;2;0;3
"DIG_SEL_VAL_3";0;640;;"Команда активирования цифрового селектора № 6";1;0;2;2;0;3
"DIG_SEL_VAL_4";0;641;;"Команда активирования цифрового селектора № 7";1;0;2;2;0;3
"DIG_SEL_VAL_5";0;642;;"Команда активирования цифрового селектора № 7";1;0;2;2;0;3
"DIG_SEL_VAL_6";0;643;;"Команда активирования цифрового селектора № 8";1;0;2;2;0;3
"DIG_SEL_VAL_7";0;644;;"Команда активирования цифрового селектора № 8";1;0;2;2;0;3
"DIG_SEL_VAL_8";0;645;;"Команда активирования цифрового селектора № 9";1;0;2;2;0;3
"DIG_SEL_VAL_9";0;646;;"Команда активирования цифрового селектора № 9";1;0;2;2;0;3
"DIG_SEL_VAL_10";0;647;;"Команда активирования цифрового селектора № 5";1;0;2;2;0;3
"ENG_OIL_TMP_PIN";0;800;;"Температура масла в двигателе с контакта ВВ/ВЫВ";0,03125;-273;2;16;-273;1735
"EXH_TMP_PIN";0;801;;"Температура отработавших газов с контакта ВВ/ВЫВ";0,03125;-273;2;16;-273;1735
"LFT_MFD_TMP_PIN";0;802;;"Температура отработавших газов левого коллектора с контакта ВВ/ВЫВ";0,03125;-273;2;16;-273;1735
"RGT_MFD_TMP_PIN";0;803;;"Температура отработавших газов в правом коллекторе с контакта ВВ/ВЫВ";0,03125;-273;2;16;-273;1735
"FUEL_LVL_PIN";0;804;;"Уровень топлива с контакта ВВ/ВЫВ";0,0078125;-251;2;16;-251;250,99
"EXT_FUEL_LVL_PIN";0;805;;"Уровень топлива во внешнем баке с контакта ВВ/ВЫВ";0,0078125;-251;2;16;-251;250,99
"ENG_OIL_LVL_PIN";0;806;;"Уровень масла в двигателе с контакта ВВ/ВЫВ";0,0078125;-251;2;16;-251;250,99
"ENG_COOL_LVL_PIN";0;807;;"Уровень охлаждающей жидкости в двигателе с контакта ВВ/ВЫВ";0,0078125;-251;2;16;-251;250,99
"FXT_PRESS_PIN";0;808;;"Давление огнетушителя с контакта ВВ/ВЫВ";0,125;0;2;16;0;8031,875
"OIL_FLT_PRES_PIN";0;809;;"Перепад давления масляного фильтра с контакта ВВ/ВЫВ";0,125;0;2;16;0;8031,875
"AIR_FLT_PRES_PIN";0;810;;"Перепад давления воздушного фильтра 1 с контакта ВВ/ВЫВ";0,0078125;-250;2;16;-250;251,99
"FUEL_FLT_PRES_PI";0;811;;"Перепад давления топливного фильтра с контакта ВВ/ВЫВ";0,125;0;2;16;0;8031,875
"STR_AIR_PRES_PIN";0;813;;"Давление воздуха для пуска с контакта ВВ/ВЫВ";0,125;0;2;16;0;8031,875
"AMB_AIR_TMP_PIN";0;814;;"Температура окружающего воздуха с контакта ВВ/ВЫВ";0,03125;-273;2;16;-273;1735
"RTC";0;900;;"Счетчик времени в реальном масштабе";1;0;6;48;0;0
"ENG_STATUS";0;1053;;"Состояние двигателя";1;0;2;8;0;5
"CLDWN_DUR_REM";0;1054;;"Оставшееся время охлаждения";1;0;2;16;0;64255
"DES_GEN_OUT_VOLT";0;1057;;"Необходимое выходное напряжение генераторной установки";1;0;2;16;0;64255
"AVR_BIAS_PCT";0;1058;;"Смещение в % автоматического регулятора напряжения";0,0078125;-251;2;16;-251;250,99
"REQ_ENG_SPEED";0;1060;;"Необходимая ЧВД";0,125;0;2;16;0;8031,875
"SPD_BIAS_PCNT";0;1061;;"Смещение частоты в %";0,0078125;-251;2;16;-251;250,99
"LOSS_OF_UTILITY";0;1064;;"Потеря общ э/сети";1;0;2;2;0;3
"GEN_BRKR_OPEN";0;1065;;"Состояние разрыва прерывателя генератора";1;0;2;2;0;3
"UTIL_BRKR_OPEN";0;1066;;"Состояние размыкания прерывателя сети";1;0;2;2;0;3
"GEN_FREQ_OK";0;1067;;"Частота генератора в заданных пределах";1;0;2;2;0;3
"GEN_VOLTS_OK";0;1068;;"Напряжение генератора в заданных пределах";1;0;2;2;0;3
